ED_CODE,ED_NAMEE,ED_NAMEF,POPULATION,,,,Pop Exist?,KML Districts,Refine
10001,Avalon,Avalon,86494,,TRUE,278,278,Edmonton Strathcona,
10002,Bonavista--Burin--Trinity,Bonavista--Burin--Trinity,74116,,TRUE,279,#N/A,Edmonton-Ouest,
10003,Coast of Bays--Central--Notre Dame,Coast of Bays--Central--Notre Dame,77680,,TRUE,55,55,Compton--Stanstead,
10004,Labrador,Labrador,27197,,TRUE,58,58,Gaspésie--Les Îles-de-la-Madeleine,
10005,Long Range Mountains,Long Range Mountains,86553,,TRUE,58,58,Gaspésie--Les Îles-de-la-Madeleine,
10006,St. John's East,St. John's-Est,85697,,TRUE,230,#N/A,York-Sud--Weston,
10007,St. John's South--Mount Pearl,St. John's-Sud--Mount Pearl,81979,,TRUE,43,43,Beloeil--Chambly,
11001,Cardigan,Cardigan,36615,,TRUE,44,44,Berthier--Maskinongé,
11002,Charlottetown,Charlottetown,36094,,TRUE,46,46,Pierre-Boucher--Les Patriotes--Verchères,
11003,Egmont,Egmont,34168,,TRUE,155,#N/A,Kitchener-Centre,
11004,Malpeque,Malpeque,36030,,TRUE,157,#N/A,Kitchener-Sud--Hespeler,
12001,Cape Breton--Canso,Cape Breton--Canso,71913,,TRUE,154,#N/A,Kingston et les Îles,
12002,Central Nova,Nova-Centre,71962,,TRUE,188,188,Ottawa--Vanier,
12003,Cumberland--Colchester,Cumberland--Colchester,80590,,TRUE,189,#N/A,Ottawa-Ouest--Nepean,
12004,Dartmouth--Cole Harbour,Dartmouth--Cole Harbour,92301,,TRUE,192,192,Parry Sound--Muskoka,
12005,Halifax,Halifax,94610,,TRUE,193,193,Perth--Wellington,
12006,Halifax West,Halifax-Ouest,96255,,TRUE,194,194,Peterborough--Kawartha,
12007,Kings--Hants,Kings--Hants,83465,,TRUE,195,195,Pickering--Uxbridge,
12008,Sackville--Preston--Chezzetcook,Sackville--Preston--Chezzetcook,86498,,TRUE,196,196,Renfrew--Nipissing--Pembroke,
12009,South Shore--St. Margarets,South Shore--St. Margarets,91830,,TRUE,198,198,Carleton,
12010,Sydney--Victoria,Sydney--Victoria,72148,,TRUE,64,64,Jonquière,
12011,West Nova,Nova-Ouest,82026,,TRUE,15,15,Dartmouth--Cole Harbour,
13001,Acadie--Bathurst,Acadie--Bathurst,77791,,TRUE,16,16,Halifax,
13002,Beauséjour,Beauséjour,82292,,TRUE,78,78,Manicouagan,
13003,Fredericton,Fredericton,83303,,TRUE,161,161,London--Fanshawe,
13004,Fundy Royal,Fundy Royal,79943,,TRUE,78,78,Manicouagan,
13005,Madawaska--Restigouche,Madawaska--Restigouche,60378,,TRUE,162,#N/A,London-Centre-Nord,
13006,Miramichi--Grand Lake,Miramichi--Grand Lake,57405,,TRUE,78,78,Manicouagan,
13007,Moncton--Riverview--Dieppe,Moncton--Riverview--Dieppe,92666,,TRUE,179,179,Nickel Belt,
13008,New Brunswick Southwest,Nouveau-Brunswick-Sud-Ouest,65287,,TRUE,70,70,Laurentides--Labelle,
13009,Saint John--Rothesay,Saint John--Rothesay,79363,,TRUE,246,246,Battlefords--Lloydminster,
13010,Tobique--Mactaquac,Tobique--Mactaquac,68673,,TRUE,197,197,Richmond Hill,
24001,Abitibi--Baie-James--Nunavik--Eeyou,Abitibi--Baie-James--Nunavik--Eeyou,87787,,TRUE,199,199,St. Catharines,
24002,Abitibi--Témiscamingue,Abitibi--Témiscamingue,103491,,TRUE,211,211,Spadina--Fort York,
24003,Ahuntsic-Cartierville,Ahuntsic-Cartierville,117447,,TRUE,212,212,Stormont--Dundas--South Glengarry,
24004,Alfred-Pellan,Alfred-Pellan,101373,,TRUE,213,213,Sudbury,
24005,Argenteuil--La Petite-Nation,Argenteuil--La Petite-Nation,95781,,TRUE,215,215,Thunder Bay--Rainy River,
24006,Avignon--La Mitis--Matane--Matapédia,Avignon--La Mitis--Matane--Matapédia,71897,,TRUE,216,#N/A,Thunder Bay--Supérieur-Nord,
24007,Beauce,Beauce,108746,,TRUE,217,#N/A,Timmins--Baie James,
24008,Beauport--Limoilou,Beauport--Limoilou,96029,,TRUE,18,18,Kings--Hants,
24009,Bécancour--Nicolet--Saurel,Bécancour--Nicolet--Saurel,94588,,TRUE,19,19,Sackville--Preston--Chezzetcook,
24010,Bellechasse--Les Etchemins--Lévis,Bellechasse--Les Etchemins--Lévis,114966,,TRUE,20,20,South Shore--St. Margarets,
24011,Beloeil--Chambly,Beloeil--Chambly,117343,,TRUE,21,21,Sydney--Victoria,
24012,Berthier--Maskinongé,Berthier--Maskinongé,100371,,TRUE,22,#N/A,Nova-Ouest,
24013,Thérèse-De Blainville,Thérèse-De Blainville,101840,,TRUE,33,33,Abitibi--Baie-James--Nunavik--Eeyou,
24014,Pierre-Boucher--Les Patriotes--Verchères,Pierre-Boucher--Les Patriotes--Verchères,99787,,TRUE,34,34,Abitibi--Témiscamingue,
24015,Bourassa,Bourassa,101032,,TRUE,12,12,Cape Breton--Canso,
24016,Brome--Missisquoi,Brome--Missisquoi,103457,,TRUE,13,#N/A,Nova-Centre,
24017,Brossard--Saint-Lambert,Brossard--Saint-Lambert,107582,,TRUE,14,14,Cumberland--Colchester,
24018,Rimouski-Neigette--Témiscouata--Les Basques,Rimouski-Neigette--Témiscouata--Les Basques,84918,,TRUE,16,16,Halifax,
24019,Charlesbourg--Haute-Saint-Charles,Charlesbourg--Haute-Saint-Charles,107254,,TRUE,17,#N/A,Halifax-Ouest,
24020,Beauport-Côte-de-Beaupré-Île d'Orléans-Charlevoix,Beauport-Côte-de-Beaupré-Île d'Orléans-Charlevoix,93674,,TRUE,35,35,Ahuntsic-Cartierville,
24021,Châteauguay--Lacolle,Châteauguay--Lacolle,97887,,TRUE,36,36,Alfred-Pellan,
24022,Chicoutimi--Le Fjord,Chicoutimi--Le Fjord,81639,,TRUE,37,37,Argenteuil--La Petite-Nation,
24023,Compton--Stanstead,Compton--Stanstead,105459,,TRUE,126,126,Cambridge,
24024,Dorval--Lachine--LaSalle,Dorval--Lachine--LaSalle,112866,,TRUE,127,127,Chatham-Kent--Leamington,
24025,Drummond,Drummond,103397,,TRUE,128,128,Davenport,
24026,Gaspésie--Les Îles-de-la-Madeleine,Gaspésie--Les Îles-de-la-Madeleine,75850,,TRUE,163,#N/A,London-Ouest,
24027,Gatineau,Gatineau,107464,,TRUE,165,165,Markham--Thornhill,
24028,Hochelaga,Hochelaga,106496,,TRUE,214,214,Thornhill,
24029,Honoré-Mercier,Honoré-Mercier,103592,,TRUE,219,219,Toronto--Danforth,
24030,Hull--Aylmer,Hull--Aylmer,105419,,TRUE,218,#N/A,Toronto-Centre,
24031,Joliette,Joliette,104136,,TRUE,223,223,Wellington--Halton Hills,
24032,Jonquière,Jonquière,89818,,TRUE,38,38,Avignon--La Mitis--Matane--Matapédia,
24033,La Pointe-de-l'Île,La Pointe-de-l'Île,106336,,TRUE,42,42,Bellechasse--Les Etchemins--Lévis,
24034,La Prairie,La Prairie,105496,,TRUE,39,39,Beauce,
24035,Lac-Saint-Jean,Lac-Saint-Jean,104911,,TRUE,40,40,Beauport--Limoilou,
24036,Lac-Saint-Louis,Lac-Saint-Louis,108579,,TRUE,41,41,Bécancour--Nicolet--Saurel,
24037,LaSalle--Émard--Verdun,LaSalle--Émard--Verdun,106766,,TRUE,48,48,Brome--Missisquoi,
24038,Laurentides--Labelle,Laurentides--Labelle,113815,,TRUE,49,49,Brossard--Saint-Lambert,
24039,Laurier--Sainte-Marie,Laurier--Sainte-Marie,111835,,TRUE,50,50,Rimouski-Neigette--Témiscouata--Les Basques,
24040,Laval--Les Îles,Laval--Les Îles,108003,,FALSE,#N/A,#N/A,Beauport--Côte-de-Beaupré--Île d’Orléans--Charlevoix,
24041,Longueuil--Charles-LeMoyne,Longueuil--Charles-LeMoyne,106583,,TRUE,53,53,Châteauguay--Lacolle,
24042,Lévis--Lotbinière,Lévis--Lotbinière,113528,,TRUE,54,54,Chicoutimi--Le Fjord,
24043,Longueuil--Saint-Hubert,Longueuil--Saint-Hubert,108703,,TRUE,57,57,Drummond,
24044,Louis-Hébert,Louis-Hébert,103346,,TRUE,166,166,Markham--Unionville,
24045,Louis-Saint-Laurent,Louis-Saint-Laurent,117238,,TRUE,167,167,Milton,
24046,Manicouagan,Manicouagan,92518,,TRUE,221,221,Vaughan--Woodbridge,
24047,Mégantic--L'Érable,Mégantic--L'Érable,87233,,TRUE,220,220,University--Rosedale,
24048,Mirabel,Mirabel,117652,,TRUE,222,222,Waterloo,
24049,Montarville,Montarville,97811,,TRUE,51,51,Charlesbourg--Haute-Saint-Charles,
24050,Montcalm,Montcalm,107981,,TRUE,56,56,Dorval--Lachine--LaSalle,
24051,Montmagny--L'Islet--Kamouraska--Rivière-du-Loup,Montmagny--L'Islet--Kamouraska--Rivière-du-Loup,95527,,TRUE,129,#N/A,Don Valley-Est,
24052,Mount Royal,Mont-Royal,103320,,TRUE,130,#N/A,Don Valley-Nord,
24053,Notre-Dame-de-Grâce--Westmount,Notre-Dame-de-Grâce--Westmount,104974,,TRUE,168,#N/A,Mississauga-Centre,
24054,Outremont,Outremont,102088,,TRUE,169,#N/A,Mississauga-Est--Cooksville,
24055,Papineau,Papineau,110750,,TRUE,170,170,Mississauga--Erin Mills,
24056,Pierrefonds--Dollard,Pierrefonds--Dollard,108587,,TRUE,224,224,Whitby,
24057,Pontiac,Pontiac,115531,,TRUE,226,226,Windsor--Tecumseh,
24058,Portneuf--Jacques-Cartier,Portneuf--Jacques-Cartier,115313,,TRUE,225,225,Willowdale,
24059,Québec,Québec,97143,,TRUE,106,106,Vaudreuil--Soulanges,
24060,Repentigny,Repentigny,116066,,TRUE,311,311,Nanaimo--Ladysmith,
24061,Richmond--Arthabaska,Richmond--Arthabaska,107242,,TRUE,330,330,North Island--Powell River,
24062,Rivière-des-Mille-Îles,Rivière-des-Mille-Îles,102346,,TRUE,131,#N/A,Don Valley-Ouest,
24063,Rivière-du-Nord,Rivière-du-Nord,112156,,TRUE,132,132,Dufferin--Caledon,
24064,Rosemont--La Petite-Patrie,Rosemont--La Petite-Patrie,110677,,TRUE,133,133,Durham,
24065,Marc-Aurèle-Fortin,Marc-Aurèle-Fortin,101750,,TRUE,135,135,Elgin--Middlesex--London,
24066,Saint-Hyacinthe--Bagot,Saint-Hyacinthe--Bagot,102693,,TRUE,140,140,Flamborough--Glanbrook,
24067,Saint-Jean,Saint-Jean,111190,,TRUE,141,141,Glengarry--Prescott--Russell,
24068,Saint-Laurent,Saint-Laurent,98828,,TRUE,182,182,Oakville,
24069,Saint-Léonard--Saint-Michel,Saint-Léonard--Saint-Michel,113212,,TRUE,201,201,Sarnia--Lambton,
24070,Saint-Maurice--Champlain,Saint-Maurice--Champlain,110264,,FALSE,#N/A,#N/A,Toronto--St. Paul&apos;s,
24071,Salaberry--Suroît,Salaberry--Suroît,112826,,TRUE,203,203,Scarborough--Agincourt,
24072,Shefford,Shefford,111139,,TRUE,227,#N/A,Windsor-Ouest,
24073,Sherbrooke,Sherbrooke,111176,,TRUE,86,86,Outremont,
24074,Vaudreuil--Soulanges,Vaudreuil--Soulanges,119227,,TRUE,228,#N/A,York-Centre,
24075,Terrebonne,Terrebonne,111575,,TRUE,134,134,Eglinton--Lawrence,
24076,Trois-Rivières,Trois-Rivières,110515,,TRUE,171,171,Mississauga--Lakeshore,
24077,Ville-Marie--Le Sud-Ouest--Île-des-Soeurs,Ville-Marie--Le Sud-Ouest--Île-des-Soeurs,114659,,TRUE,172,172,Mississauga--Malton,
24078,Vimy,Vimy,111867,,TRUE,180,180,Nipissing--Timiskaming,
35001,Ajax,Ajax,119677,,TRUE,10,10,Egmont,
35002,Algoma--Manitoulin--Kapuskasing,Algoma--Manitoulin--Kapuskasing,79483,,TRUE,8,8,Cardigan,
35003,Aurora--Oak Ridges--Richmond Hill,Aurora--Oak Ridges--Richmond Hill,115227,,TRUE,9,9,Charlottetown,
35004,Barrie--Innisfil,Barrie--Innisfil,109286,,TRUE,231,231,Humber River--Black Creek,
35005,Barrie--Springwater--Oro-Medonte,Barrie--Springwater--Oro-Medonte,100788,,TRUE,45,45,Thérèse-De Blainville,
35006,Bay of Quinte,Baie de Quinte,109735,,TRUE,47,47,Bourassa,
35007,Beaches--East York,Beaches--East York,109468,,TRUE,174,174,Nepean,
35008,Brampton Centre,Brampton-Centre,102270,,TRUE,208,#N/A,Scarborough-Sud-Ouest,
35009,Brampton East,Brampton-Est,122000,,TRUE,173,173,Mississauga--Streetsville,
35010,Brampton North,Brampton-Nord,118180,,TRUE,209,209,Simcoe--Grey,
35011,Brampton South,Brampton-Sud,121188,,TRUE,210,#N/A,Simcoe-Nord,
35012,Brampton West,Brampton-Ouest,130000,,TRUE,11,11,Malpeque,
35013,Brantford--Brant,Brantford--Brant,130296,,TRUE,229,229,York--Simcoe,
35014,Bruce--Grey--Owen Sound,Bruce--Grey--Owen Sound,107679,,TRUE,232,232,Brandon--Souris,
35015,Burlington,Burlington,123180,,TRUE,232,232,Brandon--Souris,
35016,Cambridge,Cambridge,115463,,TRUE,233,233,Charleswood--St. James--Assiniboia--Headingley,
35017,Chatham-Kent--Leamington,Chatham-Kent--Leamington,109619,,TRUE,234,234,Churchill--Keewatinook Aski,
35018,Davenport,Davenport,108473,,TRUE,235,235,Dauphin--Swan River--Neepawa,
35019,Don Valley East,Don Valley-Est,94579,,TRUE,248,#N/A,Desnethé--Missinippi--Rivière Churchill,
35020,Don Valley North,Don Valley-Nord,110076,,TRUE,250,250,Moose Jaw--Lake Centre--Lanigan,
35021,Don Valley West,Don Valley-Ouest,102508,,TRUE,251,251,Prince Albert,
35022,Dufferin--Caledon,Dufferin--Caledon,128237,,TRUE,252,252,Regina--Lewvan,
35023,Durham,Durham,130872,,FALSE,#N/A,#N/A,Regina--Qu&apos;Appelle,
35024,Eglinton--Lawrence,Eglinton--Lawrence,114395,,TRUE,254,254,Regina--Wascana,
35025,Elgin--Middlesex--London,Elgin--Middlesex--London,115052,,TRUE,255,255,Saskatoon--Grasswood,
35026,Essex,Essex,125442,,TRUE,249,#N/A,Sentier Carlton--Eagle Creek,
35027,Etobicoke Centre,Etobicoke-Centre,118022,,TRUE,60,60,Hochelaga,
35028,Etobicoke--Lakeshore,Etobicoke--Lakeshore,129081,,TRUE,59,59,Gatineau,
35029,Etobicoke North,Etobicoke-Nord,118040,,TRUE,61,61,Honoré-Mercier,
35030,Flamborough--Glanbrook,Flamborough--Glanbrook,111065,,TRUE,62,62,Hull--Aylmer,
35031,Glengarry--Prescott--Russell,Glengarry--Prescott--Russell,109975,,TRUE,63,63,Joliette,
35032,Guelph,Guelph,131794,,TRUE,67,67,Lac-Saint-Jean,
35033,Haldimand--Norfolk,Haldimand--Norfolk,109652,,TRUE,264,264,Calgary Confederation,
35034,Haliburton--Kawartha Lakes--Brock,Haliburton--Kawartha Lakes--Brock,113956,,TRUE,263,#N/A,Calgary-Centre,
35035,Hamilton Centre,Hamilton-Centre,100103,,TRUE,267,267,Calgary Midnapore,
35036,Hamilton East--Stoney Creek,Hamilton-Est--Stoney Creek,107848,,TRUE,270,270,Calgary Shepard,
35037,Hamilton Mountain,Hamilton Mountain,104877,,TRUE,236,236,Elmwood--Transcona,
35038,Hamilton West--Ancaster--Dundas,Hamilton-Ouest--Ancaster--Dundas,113024,,TRUE,239,239,Provencher,
35039,Hastings--Lennox and Addington,Hastings--Lennox and Addington,94333,,TRUE,240,#N/A,Saint-Boniface--Saint-Vital,
35040,Huron--Bruce,Huron--Bruce,106570,,TRUE,237,237,Kildonan--St. Paul,
35041,Kanata--Carleton,Kanata--Carleton,110960,,TRUE,238,238,Portage--Lisgar,
35042,Kenora,Kenora,62556,,TRUE,241,241,Selkirk--Interlake--Eastman,
35043,King--Vaughan,King--Vaughan,131995,,TRUE,241,241,Selkirk--Interlake--Eastman,
35044,Kingston and the Islands,Kingston et les Îles,117543,,TRUE,281,281,Foothills,
35045,Kitchener Centre,Kitchener-Centre,105258,,TRUE,256,256,Saskatoon--University,
35046,Kitchener--Conestoga,Kitchener--Conestoga,100709,,TRUE,257,#N/A,Saskatoon-Ouest,
35047,Kitchener South--Hespeler,Kitchener-Sud--Hespeler,105309,,TRUE,258,258,Souris--Moose Mountain,
35048,Lambton--Kent--Middlesex,Lambton--Kent--Middlesex,105331,,TRUE,259,259,Yorkton--Melville,
35049,Lanark--Frontenac--Kingston,Lanark--Frontenac--Kingston,101630,,TRUE,175,175,Newmarket--Aurora,
35050,Leeds-Grenville-Thousand Islands and Rideau Lakes,Leeds-Grenville-Thousand Islands et Rideau Lakes,100546,,TRUE,176,#N/A,Niagara-Centre,
35051,London--Fanshawe,London--Fanshawe,119467,,TRUE,241,241,Selkirk--Interlake--Eastman,
35052,London North Centre,London-Centre-Nord,125362,,TRUE,243,#N/A,Winnipeg-Nord,
35053,London West,London-Ouest,126110,,TRUE,241,241,Selkirk--Interlake--Eastman,
35054,Markham--Stouffville,Markham--Stouffville,126064,,TRUE,242,#N/A,Winnipeg-Centre,
35055,Markham--Thornhill,Markham--Thornhill,99078,,TRUE,244,#N/A,Winnipeg-Sud,
35056,Markham--Unionville,Markham--Unionville,123318,,TRUE,247,247,Cypress Hills--Grasslands,
35057,Milton,Milton,114093,,TRUE,66,66,La Prairie,
35058,Mississauga Centre,Mississauga-Centre,124849,,FALSE,#N/A,#N/A,La Pointe-de-l&apos;Île,
35059,Mississauga East--Cooksville,Mississauga-Est--Cooksville,120205,,TRUE,68,68,Lac-Saint-Louis,
35060,Mississauga--Erin Mills,Mississauga--Erin Mills,122560,,TRUE,69,69,LaSalle--Émard--Verdun,
35061,Mississauga--Lakeshore,Mississauga--Lakeshore,117444,,TRUE,177,177,Niagara Falls,
35062,Mississauga--Malton,Mississauga--Malton,118240,,TRUE,178,#N/A,Niagara-Ouest,
35063,Mississauga--Streetsville,Mississauga--Streetsville,118301,,TRUE,245,#N/A,Winnipeg-Centre-Sud,
35064,Nepean,Nepean,119110,,TRUE,265,265,Calgary Forest Lawn,
35065,Newmarket--Aurora,Newmarket--Aurora,117418,,TRUE,266,266,Calgary Heritage,
35066,Niagara Centre,Niagara-Centre,109067,,TRUE,71,71,Laurier--Sainte-Marie,
35067,Niagara Falls,Niagara Falls,136292,,TRUE,72,72,Laval--Les Îles,
35068,Niagara West,Niagara-Ouest,90838,,TRUE,136,136,Essex,
35069,Nickel Belt,Nickel Belt,93772,,TRUE,202,202,Sault Ste. Marie,
35070,Nipissing--Timiskaming,Nipissing--Timiskaming,88813,,TRUE,204,#N/A,Scarborough-Centre,
35071,Northumberland--Peterborough South,Northumberland--Peterborough-Sud,112412,,TRUE,268,268,Calgary Nose Hill,
35072,Oakville,Oakville,120923,,TRUE,269,269,Calgary Rocky Ridge,
35073,Oakville North--Burlington,Oakville-Nord--Burlington,129078,,TRUE,137,#N/A,Etobicoke-Centre,
35074,Oshawa,Oshawa,126764,,TRUE,138,138,Etobicoke--Lakeshore,
35075,Ottawa Centre,Ottawa-Centre,118038,,TRUE,205,205,Scarborough--Guildwood,
35076,Orléans,Orléans,128281,,TRUE,206,#N/A,Scarborough-Nord,
35077,Ottawa South,Ottawa-Sud,121058,,TRUE,207,207,Scarborough--Rouge Park,
35078,Ottawa--Vanier,Ottawa--Vanier,111508,,TRUE,271,271,Calgary Signal Hill,
35079,Ottawa West--Nepean,Ottawa-Ouest--Nepean,111837,,TRUE,272,272,Calgary Skyview,
35080,Oxford,Oxford,113790,,TRUE,142,142,Guelph,
35081,Parkdale--High Park,Parkdale--High Park,108805,,TRUE,143,143,Haldimand--Norfolk,
35082,Parry Sound--Muskoka,Parry Sound--Muskoka,94398,,TRUE,144,144,Haliburton--Kawartha Lakes--Brock,
35083,Perth--Wellington,Perth--Wellington,107908,,TRUE,145,#N/A,Hamilton-Centre,
35084,Peterborough--Kawartha,Peterborough--Kawartha,118176,,TRUE,139,#N/A,Etobicoke-Nord,
35085,Pickering--Uxbridge,Pickering--Uxbridge,112947,,TRUE,146,#N/A,Hamilton-Est--Stoney Creek,
35086,Renfrew--Nipissing--Pembroke,Renfrew--Nipissing--Pembroke,103495,,TRUE,148,#N/A,Hamilton-Ouest--Ancaster--Dundas,
35087,Richmond Hill,Richmond Hill,110177,,TRUE,149,149,Hastings--Lennox and Addington,
35088,Carleton,Carleton,102918,,TRUE,150,150,Huron--Bruce,
35089,St. Catharines,St. Catharines,111691,,TRUE,152,152,Kenora,
35090,Toronto--St. Paul's,Toronto--St. Paul's,107900,,TRUE,153,153,King--Vaughan,
35091,Sarnia--Lambton,Sarnia--Lambton,105337,,TRUE,156,156,Kitchener--Conestoga,
35092,Sault Ste. Marie,Sault Ste. Marie,80371,,TRUE,158,158,Lambton--Kent--Middlesex,
35093,Scarborough--Agincourt,Scarborough--Agincourt,105542,,TRUE,159,159,Lanark--Frontenac--Kingston,
35094,Scarborough Centre,Scarborough-Centre,112603,,TRUE,183,#N/A,Oakville-Nord--Burlington,
35095,Scarborough--Guildwood,Scarborough--Guildwood,102386,,TRUE,185,#N/A,Ottawa-Centre,
35096,Scarborough North,Scarborough-Nord,98800,,TRUE,184,184,Oshawa,
35097,Scarborough--Rouge Park,Scarborough--Rouge Park,102275,,TRUE,190,190,Oxford,
35098,Scarborough Southwest,Scarborough-Sud-Ouest,110278,,TRUE,273,#N/A,Edmonton-Centre,
35099,Simcoe--Grey,Simcoe--Grey,129944,,TRUE,274,274,Edmonton Griesbach,
35100,Simcoe North,Simcoe-Nord,111332,,TRUE,147,147,Hamilton Mountain,
35101,Spadina--Fort York,Spadina--Fort York,115506,,TRUE,151,151,Kanata--Carleton,
35102,Stormont--Dundas--South Glengarry,Stormont--Dundas--South Glengarry,103320,,FALSE,#N/A,#N/A,Leeds--Grenville--Thousand Islands et Rideau Lakes,
35103,Sudbury,Sudbury,91532,,TRUE,164,164,Markham--Stouffville,
35104,Thornhill,Thornhill,112719,,TRUE,181,#N/A,Northumberland--Peterborough-Sud,
35105,Thunder Bay--Rainy River,Thunder Bay--Rainy River,82805,,TRUE,186,186,Orléans,
35106,Thunder Bay--Superior North,Thunder Bay--Supérieur-Nord,82651,,TRUE,187,#N/A,Ottawa-Sud,
35107,Timmins--James Bay,Timmins--Baie James,83257,,TRUE,191,191,Parkdale--High Park,
35108,Toronto Centre,Toronto-Centre,103805,,TRUE,276,276,Edmonton Mill Woods,
35109,Toronto--Danforth,Toronto--Danforth,106875,,TRUE,277,277,Edmonton Riverbend,
35110,University--Rosedale,University--Rosedale,104311,,TRUE,275,275,Edmonton Manning,
35111,Vaughan--Woodbridge,Vaughan--Woodbridge,105228,,TRUE,280,280,Edmonton--Wetaskiwin,
35112,Waterloo,Waterloo,110134,,TRUE,113,113,Aurora--Oak Ridges--Richmond Hill,
35113,Wellington--Halton Hills,Wellington--Halton Hills,120981,,TRUE,114,114,Barrie--Innisfil,
35114,Whitby,Whitby,128377,,TRUE,115,115,Barrie--Springwater--Oro-Medonte,
35115,Willowdale,Willowdale,118801,,TRUE,116,#N/A,Baie de Quinte,
35116,Windsor--Tecumseh,Windsor--Tecumseh,117429,,TRUE,117,117,Beaches--East York,
35117,Windsor West,Windsor-Ouest,122988,,TRUE,122,#N/A,Brampton-Ouest,
35118,York Centre,York-Centre,104319,,TRUE,124,124,Bruce--Grey--Owen Sound,
35119,York--Simcoe,York--Simcoe,104010,,TRUE,118,#N/A,Brampton-Centre,
35120,York South--Weston,York-Sud--Weston,116686,,TRUE,121,#N/A,Brampton-Sud,
35121,Humber River--Black Creek,Humber River--Black Creek,108037,,TRUE,4,4,Labrador,
46001,Brandon--Souris,Brandon--Souris,88170,,TRUE,3,3,Coast of Bays--Central--Notre Dame,
46002,Charleswood--St. James--Assiniboia--Headingley,Charleswood--St. James--Assiniboia--Headingley,82574,,TRUE,5,5,Long Range Mountains,
46003,Churchill--Keewatinook Aski,Churchill--Keewatinook Aski,87027,,FALSE,#N/A,#N/A,St. John&apos;s-Est,
46004,Dauphin--Swan River--Neepawa,Dauphin--Swan River--Neepawa,87527,,FALSE,#N/A,#N/A,St. John&apos;s-Sud--Mount Pearl,
46005,Elmwood--Transcona,Elmwood--Transcona,92738,,TRUE,119,#N/A,Brampton-Est,
46006,Kildonan--St. Paul,Kildonan--St. Paul,84077,,TRUE,120,#N/A,Brampton-Nord,
46007,Portage--Lisgar,Portage--Lisgar,97354,,TRUE,123,123,Brantford--Brant,
46008,Provencher,Provencher,99946,,TRUE,125,125,Burlington,
46009,Saint Boniface--Saint Vital,Saint-Boniface--Saint-Vital,89818,,TRUE,324,#N/A,Steveston--Richmond-Est,
46010,Selkirk--Interlake--Eastman,Selkirk--Interlake--Eastman,94778,,TRUE,325,#N/A,Surrey-Centre,
46011,Winnipeg Centre,Winnipeg-Centre,85949,,TRUE,326,326,Surrey--Newton,
46012,Winnipeg North,Winnipeg-Nord,95676,,TRUE,327,#N/A,Vancouver-Centre,
46013,Winnipeg South,Winnipeg-Sud,99678,,TRUE,328,#N/A,Vancouver-Est,
46014,Winnipeg South Centre,Winnipeg-Centre-Sud,93053,,TRUE,329,329,Vancouver Granville,
47001,Battlefords--Lloydminster,Battlefords--Lloydminster,73506,,TRUE,331,331,Vancouver Kingsway,
47002,Cypress Hills--Grasslands,Cypress Hills--Grasslands,68353,,TRUE,332,332,Vancouver Quadra,
47003,Desnethé--Missinippi--Churchill River,Desnethé--Missinippi--Rivière Churchill,70891,,TRUE,333,#N/A,Vancouver-Sud,
47004,Carlton Trail--Eagle Creek,Sentier Carlton--Eagle Creek,80662,,TRUE,334,334,Victoria,
47005,Moose Jaw--Lake Centre--Lanigan,Moose Jaw--Lake Centre--Lanigan,79733,,TRUE,335,335,West Vancouver--Sunshine Coast--Sea to Sky Country,
47006,Prince Albert,Prince Albert,79625,,TRUE,336,336,Yukon,
47007,Regina--Lewvan,Regina--Lewvan,92426,,TRUE,337,#N/A,Territoires du Nord-Ouest,
47008,Regina--Qu'Appelle,Regina--Qu'Appelle,76017,,TRUE,338,338,Nunavut,
47009,Regina--Wascana,Regina--Wascana,84153,,TRUE,2,2,Bonavista--Burin--Trinity,
47010,Saskatoon--Grasswood,Saskatoon--Grasswood,82946,,TRUE,1,1,Avalon,
47011,Saskatoon--University,Saskatoon--University,82663,,TRUE,316,316,Port Moody--Coquitlam,
47012,Saskatoon West,Saskatoon-Ouest,83711,,TRUE,320,320,Saanich--Gulf Islands,
47013,Souris--Moose Mountain,Souris--Moose Mountain,72635,,TRUE,317,317,Prince George--Peace River--Northern Rockies,
47014,Yorkton--Melville,Yorkton--Melville,71031,,TRUE,318,#N/A,Richmond-Centre,
48001,Banff--Airdrie,Banff--Airdrie,135762,,TRUE,319,319,Esquimalt--Saanich--Sooke,
48002,Battle River--Crowfoot,Battle River--Crowfoot,110223,,TRUE,321,321,Skeena--Bulkley Valley,
48003,Bow River,Bow River,115022,,TRUE,322,#N/A,Okanagan-Sud--Kootenay-Ouest,
48004,Calgary Centre,Calgary-Centre,119176,,TRUE,23,23,Acadie--Bathurst,
48005,Calgary Confederation,Calgary Confederation,122023,,TRUE,24,24,Beauséjour,
48006,Calgary Forest Lawn,Calgary Forest Lawn,111830,,TRUE,25,25,Fredericton,
48007,Calgary Heritage,Calgary Heritage,112087,,TRUE,26,26,Fundy Royal,
48008,Calgary Midnapore,Calgary Midnapore,121844,,TRUE,27,27,Madawaska--Restigouche,
48009,Calgary Nose Hill,Calgary Nose Hill,115795,,TRUE,28,28,Miramichi--Grand Lake,
48010,Calgary Rocky Ridge,Calgary Rocky Ridge,131823,,TRUE,29,29,Moncton--Riverview--Dieppe,
48011,Calgary Shepard,Calgary Shepard,147520,,TRUE,30,#N/A,Nouveau-Brunswick-Sud-Ouest,
48012,Calgary Signal Hill,Calgary Signal Hill,121392,,TRUE,31,31,Saint John--Rothesay,
48013,Calgary Skyview,Calgary Skyview,135730,,TRUE,32,32,Tobique--Mactaquac,
48014,Edmonton Centre,Edmonton-Centre,109941,,TRUE,294,294,Abbotsford,
48015,Edmonton Griesbach,Edmonton Griesbach,112287,,TRUE,323,#N/A,Surrey-Sud--White Rock,
48016,Edmonton Manning,Edmonton Manning,121048,,TRUE,73,73,Longueuil--Charles-LeMoyne,
48017,Edmonton Mill Woods,Edmonton Mill Woods,118561,,TRUE,74,74,Lévis--Lotbinière,
48018,Edmonton Riverbend,Edmonton Riverbend,120863,,TRUE,75,75,Longueuil--Saint-Hubert,
48019,Edmonton Strathcona,Edmonton Strathcona,106066,,TRUE,260,260,Banff--Airdrie,
48020,Edmonton West,Edmonton-Ouest,121869,,TRUE,261,261,Battle River--Crowfoot,
48021,Edmonton--Wetaskiwin,Edmonton--Wetaskiwin,158749,,TRUE,262,262,Bow River,
48022,Foothills,Foothills,113227,,TRUE,282,282,Fort McMurray--Cold Lake,
48023,Fort McMurray--Cold Lake,Fort McMurray--Cold Lake,110230,,TRUE,283,283,Grande Prairie--Mackenzie,
48024,Grande Prairie--Mackenzie,Grande Prairie--Mackenzie,117327,,TRUE,284,284,Lakeland,
48025,Lakeland,Lakeland,108451,,TRUE,285,285,Lethbridge,
48026,Lethbridge,Lethbridge,117394,,TRUE,286,286,Medicine Hat--Cardston--Warner,
48027,Medicine Hat--Cardston--Warner,Medicine Hat--Cardston--Warner,106896,,TRUE,287,287,Peace River--Westlock,
48028,Peace River--Westlock,Peace River--Westlock,109965,,TRUE,288,288,Red Deer--Mountain View,
48029,Red Deer--Mountain View,Red Deer--Mountain View,119019,,TRUE,289,289,Red Deer--Lacombe,
48030,Red Deer--Lacombe,Red Deer--Lacombe,128786,,TRUE,290,290,St. Albert--Edmonton,
48031,St. Albert--Edmonton,St. Albert--Edmonton,121313,,TRUE,291,291,Sherwood Park--Fort Saskatchewan,
48032,Sherwood Park--Fort Saskatchewan,Sherwood Park--Fort Saskatchewan,122193,,TRUE,292,292,Sturgeon River--Parkland,
48033,Sturgeon River--Parkland,Sturgeon River--Parkland,120784,,TRUE,293,293,Yellowhead,
48034,Yellowhead,Yellowhead,101979,,TRUE,295,#N/A,Burnaby-Nord--Seymour,
59001,Abbotsford,Abbotsford,101814,,TRUE,296,#N/A,Burnaby-Sud,
59002,Burnaby North--Seymour,Burnaby-Nord--Seymour,102486,,TRUE,297,297,Cariboo--Prince George,
59003,Burnaby South,Burnaby-Sud,111973,,TRUE,298,298,Central Okanagan--Similkameen--Nicola,
59004,Cariboo--Prince George,Cariboo--Prince George,108907,,TRUE,299,299,Chilliwack--Hope,
59005,Central Okanagan--Similkameen--Nicola,Central Okanagan--Similkameen--Nicola,110293,,TRUE,301,301,Coquitlam--Port Coquitlam,
59006,Chilliwack--Hope,Chilliwack--Hope,100126,,TRUE,302,302,Courtenay--Alberni,
59007,Cloverdale--Langley City,Cloverdale--Langley City,117640,,TRUE,302,302,Courtenay--Alberni,
59008,Coquitlam--Port Coquitlam,Coquitlam--Port Coquitlam,123576,,TRUE,303,303,Cowichan--Malahat--Langford,
59009,Courtenay--Alberni,Courtenay--Alberni,114647,,TRUE,306,306,Kamloops--Thompson--Cariboo,
59010,Cowichan--Malahat--Langford,Cowichan--Malahat--Langford,108052,,TRUE,307,307,Kelowna--Lake Country,
59011,Delta,Delta,103064,,TRUE,308,308,Kootenay--Columbia,
59012,Fleetwood--Port Kells,Fleetwood--Port Kells,116958,,TRUE,76,76,Louis-Hébert,
59013,Kamloops--Thompson--Cariboo,Kamloops--Thompson--Cariboo,124358,,TRUE,77,77,Louis-Saint-Laurent,
59014,Kelowna--Lake Country,Kelowna--Lake Country,119388,,FALSE,#N/A,#N/A,Mégantic--L&apos;Érable,
59015,Kootenay--Columbia,Kootenay--Columbia,112354,,TRUE,80,80,Mirabel,
59016,Langley--Aldergrove,Langley--Aldergrove,117017,,TRUE,89,89,Pontiac,
59017,Mission--Matsqui--Fraser Canyon,Mission--Matsqui--Fraser Canyon,94825,,TRUE,90,90,Portneuf--Jacques-Cartier,
59018,Nanaimo--Ladysmith,Nanaimo--Ladysmith,122710,,TRUE,88,88,Pierrefonds--Dollard,
59019,New Westminster--Burnaby,New Westminster--Burnaby,115340,,TRUE,91,91,Québec,
59020,North Okanagan--Shuswap,North Okanagan--Shuswap,124605,,TRUE,300,300,Cloverdale--Langley City,
59021,North Vancouver,North Vancouver,115344,,TRUE,304,304,Delta,
59022,Pitt Meadows--Maple Ridge,Pitt Meadows--Maple Ridge,101101,,TRUE,305,305,Fleetwood--Port Kells,
59023,Port Moody--Coquitlam,Port Moody--Coquitlam,110817,,TRUE,81,81,Montarville,
59024,Prince George--Peace River--Northern Rockies,Prince George--Peace River--Northern Rockies,110995,,TRUE,82,82,Montcalm,
59025,Richmond Centre,Richmond-Centre,98396,,FALSE,#N/A,#N/A,Montmagny--L&apos;Islet--Kamouraska--Rivière-du-Loup,
59026,Esquimalt--Saanich--Sooke,Esquimalt--Saanich--Sooke,120834,,TRUE,84,#N/A,Mont-Royal,
59027,Saanich--Gulf Islands,Saanich--Gulf Islands,107339,,TRUE,85,85,Notre-Dame-de-Grâce--Westmount,
59028,Skeena--Bulkley Valley,Skeena--Bulkley Valley,88920,,TRUE,92,92,Repentigny,
59029,South Okanagan--West Kootenay,Okanagan-Sud--Kootenay-Ouest,114695,,TRUE,93,93,Richmond--Arthabaska,
59030,South Surrey--White Rock,Surrey-Sud--White Rock,104051,,TRUE,94,94,Rivière-des-Mille-Îles,
59031,Steveston--Richmond East,Steveston--Richmond-Est,99913,,TRUE,95,95,Rivière-du-Nord,
59032,Surrey Centre,Surrey-Centre,120172,,TRUE,87,87,Papineau,
59033,Surrey--Newton,Surrey--Newton,114605,,TRUE,309,309,Langley--Aldergrove,
59034,Vancouver Centre,Vancouver-Centre,116443,,TRUE,310,310,Mission--Matsqui--Fraser Canyon,
59035,Vancouver East,Vancouver-Est,115724,,TRUE,312,312,New Westminster--Burnaby,
59036,Vancouver Granville,Vancouver Granville,103456,,TRUE,313,313,North Okanagan--Shuswap,
59037,North Island--Powell River,North Island--Powell River,105466,,TRUE,314,314,North Vancouver,
59038,Vancouver Kingsway,Vancouver Kingsway,104870,,TRUE,315,315,Pitt Meadows--Maple Ridge,
59039,Vancouver Quadra,Vancouver Quadra,105608,,TRUE,97,97,Marc-Aurèle-Fortin,
59040,Vancouver South,Vancouver-Sud,102927,,TRUE,98,98,Saint-Hyacinthe--Bagot,
59041,Victoria,Victoria,117133,,TRUE,99,99,Saint-Jean,
59042,West Vancouver--Sunshine Coast--Sea to Sky Country,West Vancouver--Sunshine Coast--Sea to Sky Country,119113,,TRUE,96,96,Rosemont--La Petite-Patrie,
60001,Yukon,Yukon,35874,,TRUE,101,101,Saint-Léonard--Saint-Michel,
61001,Northwest Territories,Territoires du Nord-Ouest,41786,,TRUE,102,102,Saint-Maurice--Champlain,
62001,Nunavut,Nunavut,35944,,TRUE,103,103,Salaberry--Suroît,
,,,,,TRUE,104,104,Shefford,
,,,,,TRUE,100,100,Saint-Laurent,
,,,,,TRUE,105,105,Sherbrooke,
,,,,,TRUE,107,107,Terrebonne,
,,,,,TRUE,108,108,Trois-Rivières,
,,,,,TRUE,109,109,Ville-Marie--Le Sud-Ouest--Île-des-Soeurs,
,,,,,TRUE,110,110,Vimy,
,,,,,TRUE,111,111,Ajax,
,,,,,TRUE,112,112,Algoma--Manitoulin--Kapuskasing,
